{"vector1": [0, 10, 20, 30, 40, 50, 60, 70, 80, 90, 100, 110, 120, 130, 140, 150, 160, 170, 180, 190, 200, 210, 220, 230, 240, 250, 260, 270, 280, 290, 300, 310, 320, 330, 340, 350], "vector2": ["primer", "primer", "primer", "primer", "primer", "primer", "primer", "primer", "primer", "primer", "segon", "segon", "segon", "segon", "segon", "segon", "segon", "segon", "segon", "tercer", "tercer", "tercer", "tercer", "tercer", "tercer", "tercer", "tercer", "tercer", "quart", "quart", "quart", "quart", "quart", "quart", "quart", "quart"], "vector3": [1.0, 0.984808, 0.939693, 0.866025, 0.766044, 0.642788, 0.5, 0.34202, 0.173648, 0.0, -0.173648, -0.34202, -0.5, -0.642788, -0.766044, -0.866025, -0.939693, -0.984808, -1.0, -0.984808, -0.939693, -0.866025, -0.766044, -0.642788, -0.5, -0.34202, -0.173648, -0.0, 0.173648, 0.34202, 0.5, 0.642788, 0.766044, 0.866025, 0.939693, 0.984808]}